{
  "reports": [
    {
      "id": "report-1769087451416-m2wo83zk5",
      "reporterName": "Ahmed Hassan",
      "reporterEmail": "ahmed.hassan@email.com",
      "title": "Broken Street Light",
      "category": "Infrastructure",
      "location": "123 Main Street, Downtown",
      "description": "Street light at the corner of Main and 5th is broken and creates a safety hazard at night. This area is heavily used by pedestrians.",
      "image": null,
      "status": "Reviewing",
      "createdAt": "2026-01-22T13:10:51.416Z",
      "updatedAt": "2026-01-22T14:30:00.000Z",
      "comments": [
        {
          "id": "comment-1769087500000",
          "author": "Admin",
          "text": "We are investigating this issue and will schedule repairs soon.",
          "createdAt": "2026-01-22T13:45:00.000Z"
        }
      ]
    },
    {
      "id": "report-1769088234567-abc9def2",
      "reporterName": "Sarah Johnson",
      "reporterEmail": "sarah.j@email.com",
      "title": "Pothole on Oak Avenue",
      "category": "Infrastructure",
      "location": "Oak Avenue near Park Street",
      "description": "Large pothole causing damage to vehicles. Multiple cars have already reported suspension damage.",
      "image": null,
      "status": "Pending",
      "createdAt": "2026-01-22T12:05:30.000Z",
      "updatedAt": "2026-01-22T12:05:30.000Z",
      "comments": []
    },
    {
      "id": "report-1769088945678-xyz3ghi4",
      "reporterName": "Michael Chen",
      "reporterEmail": "m.chen@email.com",
      "title": "Dead Trees in Park",
      "category": "Environment",
      "location": "Central Park, North Section",
      "description": "Several dead trees are blocking walking paths and pose a safety risk if they fall. Need immediate removal.",
      "image": null,
      "status": "Resolved",
      "createdAt": "2026-01-20T10:15:00.000Z",
      "updatedAt": "2026-01-22T11:00:00.000Z",
      "comments": [
        {
          "id": "comment-1769086000000",
          "author": "Parks Department",
          "text": "Trees have been safely removed on January 22.",
          "createdAt": "2026-01-22T11:00:00.000Z"
        }
      ]
    },
    {
      "id": "report-1769089656789-jkl5mno6",
      "reporterName": "Lisa Anderson",
      "reporterEmail": "lisa.anderson@email.com",
      "title": "Graffiti on School Walls",
      "category": "Maintenance",
      "location": "Lincoln High School, Maple Street",
      "description": "Walls covered with graffiti. Needs immediate cleaning. This is affecting the appearance of the school.",
      "image": null,
      "status": "Pending",
      "createdAt": "2026-01-22T09:20:15.000Z",
      "updatedAt": "2026-01-22T09:20:15.000Z",
      "comments": []
    },
    {
      "id": "report-1769090367890-pqr7stu8",
      "reporterName": "David Park",
      "reporterEmail": "david.park@email.com",
      "title": "Unsafe Playground Equipment",
      "category": "Safety",
      "location": "Riverside Community Center Playground",
      "description": "Swing set is broken and loose bolts present a danger to children. Playground should be closed until repairs are made.",
      "image": null,
      "status": "Reviewing",
      "createdAt": "2026-01-21T14:45:20.000Z",
      "updatedAt": "2026-01-22T10:30:00.000Z",
      "comments": [
        {
          "id": "comment-1769085400000",
          "author": "Safety Inspector",
          "text": "Inspected on January 22. Repairs scheduled for January 25.",
          "createdAt": "2026-01-22T10:30:00.000Z"
        }
      ]
    },
    {
      "id": "report-1769091078901-vwx9yza0",
      "reporterName": "Emma Wilson",
      "reporterEmail": "emma.w@email.com",
      "title": "Flooding in Basement Area",
      "category": "Environment",
      "location": "Water Street, Near Old Bridge",
      "description": "Heavy rain is causing water to collect in the basement area. Drainage system seems inadequate.",
      "image": null,
      "status": "Pending",
      "createdAt": "2026-01-22T11:30:00.000Z",
      "updatedAt": "2026-01-22T11:30:00.000Z",
      "comments": []
    },
    {
      "id": "report-1769091789012-bcd1efg2",
      "reporterName": "Robert Martinez",
      "reporterEmail": "r.martinez@email.com",
      "title": "Traffic Sign Missing",
      "category": "Infrastructure",
      "location": "Intersection of Pine Road and Mountain View",
      "description": "Stop sign is missing from the intersection creating a traffic hazard. Drivers are not stopping properly.",
      "image": null,
      "status": "Resolved",
      "createdAt": "2026-01-18T08:00:00.000Z",
      "updatedAt": "2026-01-21T16:45:00.000Z",
      "comments": [
        {
          "id": "comment-1769081000000",
          "author": "Traffic Department",
          "text": "Stop sign replaced on January 21, 2026.",
          "createdAt": "2026-01-21T16:45:00.000Z"
        }
      ]
    },
    {
      "id": "report-1769092490123-hij3klm4",
      "reporterName": "Jessica Lee",
      "reporterEmail": "jessica.lee@email.com",
      "title": "Illegal Dumping Site",
      "category": "Environment",
      "location": "Industrial Area, Behind Warehouse D",
      "description": "Illegal dumping of construction waste and household items. Environmental hazard that needs immediate cleanup.",
      "image": null,
      "status": "Pending",
      "createdAt": "2026-01-22T13:15:45.000Z",
      "updatedAt": "2026-01-22T13:15:45.000Z",
      "comments": []
    },
    {
      "id": "report-1769093201234-nop5qrs6",
      "reporterName": "Thomas Garcia",
      "reporterEmail": "t.garcia@email.com",
      "title": "Malfunctioning Traffic Light",
      "category": "Infrastructure",
      "location": "Highway 5 and Commerce Boulevard",
      "description": "Traffic light is stuck on red in all directions. Causing major traffic congestion. Needs immediate repair.",
      "image": null,
      "status": "Reviewing",
      "createdAt": "2026-01-22T15:00:30.000Z",
      "updatedAt": "2026-01-22T15:15:00.000Z",
      "comments": [
        {
          "id": "comment-1769089200000",
          "author": "Traffic Control",
          "text": "Technician dispatched. Expected repair time: 2 hours.",
          "createdAt": "2026-01-22T15:15:00.000Z"
        }
      ]
    },
    {
      "id": "report-1769093912345-stu7vwx8",
      "reporterName": "Patricia Brown",
      "reporterEmail": "p.brown@email.com",
      "title": "Water Pipe Leak",
      "category": "Maintenance",
      "location": "Elm Street between 2nd and 3rd Avenue",
      "description": "Water main appears to be leaking. Water pooling on the street creates a safety hazard and wastes water.",
      "image": null,
      "status": "Pending",
      "createdAt": "2026-01-22T16:20:00.000Z",
      "updatedAt": "2026-01-22T16:20:00.000Z",
      "comments": []
    },
    {
      "id": "report-1769091659552-8lijfun6v",
      "reporterName": "shghede",
      "reporterEmail": "sgv@bsgxhw.com",
      "title": "gvs sg",
      "category": "Safety",
      "location": " eg dte",
      "description": " dxevdeg",
      "image": null,
      "status": "Pending",
      "createdAt": "2026-01-22T14:20:59.552Z",
      "updatedAt": "2026-01-22T14:20:59.552Z",
      "comments": []
    }
  ],
  "stats": {
    "total": 11,
    "pending": 6,
    "reviewing": 3,
    "resolved": 2
  }
}